"","id","name","created","status","time","local_date","local_time","waitlist_count","yes_rsvp_count","venue_id","venue_name","venue_lat","venue_lon","venue_address_1","venue_city","venue_state","venue_zip","venue_country","description","link","resource"
"1","241617679","Launching R-Ladies Chicago!","2017-07-11 18:13:31","past","2017-07-18 18:00:00","2017-07-18","18:00","0","74","25359726","The University of Chicago Computation Institute","41.7905654907227","-87.6009674072266","5735 South Ellis Avenue","Chicago",NA,NA,"US","<p>We're excited to announce the launch of R-Ladies Chicago, part of a global initiative to promote gender diversity in the R community. Our goal is to make R more popular and accessible especially among women. Anyone with an interest in R is welcome. You can be an R expert or novice. We will promote R, exchange ideas and knowledge and create a friendly network among women who use R in Chicago.</p> <p>Tentative schedule:</p> <p>6-6:30: Refreshments &amp; getting to know each other</p> <p>6:30-7: Lightning talks (let Angela know if you want to speak!)</p> <p>7-7:30: TBD, maybe a beginners R workshop if interest</p> <p>Follow us on <a href=""https://twitter.com/RLadiesChicago"">Twitter</a> for updates!</p> ","https://www.meetup.com/rladies-chicago/events/241617679/","list(created = 1499814811000, id = ""241617679"", name = ""Launching R-Ladies Chicago!"", status = ""past"", time = 1500418800000, local_date = ""2017-07-18"", local_time = ""18:00"", updated = 1500503669000, utc_offset = -18000000, waitlist_count = 0, yes_rsvp_count = 74, venue = list(id = 25359726, name = ""The University of Chicago Computation Institute"", lat = 41.7905654907227, lon = -87.6009674072266, repinned = FALSE, address_1 = ""5735 South Ellis Avenue"", city = ""Chicago"", country = ""US"", localized_country_name = ""USA""), 
    group = list(created = 1499286643000, name = ""R-Ladies Chicago"", id = 24848073, join_mode = ""open"", lat = 41.8800010681152, lon = -87.620002746582, urlname = ""rladies-chicago"", who = ""R-Ladies"", localized_location = ""Chicago, IL"", state = ""IL"", country = ""us"", region = ""en_US"", timezone = ""US/Central""), link = ""https://www.meetup.com/rladies-chicago/events/241617679/"", description = ""<p>We're excited to announce the launch of R-Ladies Chicago, part of a global initiative to promote gender diversity in the R community. Our goal is to make R more popular and accessible especially among women. Anyone with an interest in R is welcome. You can be an R expert or novice. We will promote R, exchange ideas and knowledge and create a friendly network among women who use R in Chicago.</p> <p>Tentative schedule:</p> <p>6-6:30: Refreshments &amp; getting to know each other</p> <p>6:30-7: Lightning talks (let Angela know if you want to speak!)</p> <p>7-7:30: TBD, maybe a beginners R workshop if interest</p> <p>Follow us on <a href=\""https://twitter.com/RLadiesChicago\"">Twitter</a> for updates!</p> "", 
    how_to_find_us = ""We'll be in Room 240a, on the second floor. The building's locked after 5pm so someone will be downstairs to let folks in."", visibility = ""public"", pro_is_email_shared = TRUE)"
"2","242292441","Package Workshop & Collaborative Planning","2017-08-04 14:47:11","past","2017-08-23 18:00:00","2017-08-23","18:00","0","72","12326212","Microsoft Technology Center","41.8849296569824","-87.6219940185547","200 East Randolph Drive,  Suite 200 ","Chicago","IL","60602","us","<p>We'll learn about the hash package, a useful but underutilized R package, from Liz Sander. Then, we'll look at the data from the preliminary R-Ladies Chicago surveys and do some collaborative planning for the future of R-Ladies Chicago.</p> <p>All are welcome! Whether you're an R beginner or an expert, we'd love to hear your input on the future of our Meetup.</p> <p>Please fill out the Kickoff survey if you haven't already! <a href=""http://bit.ly/rladieschi"">bit.ly/rladieschi</a></p> <p>[UPDATED] Schedule:</p> <p>6:00-6:30pm - Food, introductions, announcements</p> <p>6:30-6:50pm - Workshop on hash package</p> <p>6:50-7:30pm - Look at data from initial R-Ladies surveys, participate in community planning</p> <p>7:30-8pm - Additional time for planning &amp; networking </p> ","https://www.meetup.com/rladies-chicago/events/242292441/","list(created = 1501876031000, id = ""242292441"", name = ""Package Workshop & Collaborative Planning"", status = ""past"", time = 1503529200000, local_date = ""2017-08-23"", local_time = ""18:00"", updated = 1503952783000, utc_offset = -18000000, waitlist_count = 0, yes_rsvp_count = 72, venue = list(id = 12326212, name = ""Microsoft Technology Center"", lat = 41.8849296569824, lon = -87.6219940185547, repinned = FALSE, address_1 = ""200 East Randolph Drive,  Suite 200 "", city = ""Chicago"", country = ""us"", localized_country_name = ""USA"", 
    zip = ""60602"", state = ""IL""), group = list(created = 1499286643000, name = ""R-Ladies Chicago"", id = 24848073, join_mode = ""open"", lat = 41.8800010681152, lon = -87.620002746582, urlname = ""rladies-chicago"", who = ""R-Ladies"", localized_location = ""Chicago, IL"", state = ""IL"", country = ""us"", region = ""en_US"", timezone = ""US/Central""), link = ""https://www.meetup.com/rladies-chicago/events/242292441/"", description = ""<p>We'll learn about the hash package, a useful but underutilized R package, from Liz Sander. Then, we'll look at the data from the preliminary R-Ladies Chicago surveys and do some collaborative planning for the future of R-Ladies Chicago.</p> <p>All are welcome! Whether you're an R beginner or an expert, we'd love to hear your input on the future of our Meetup.</p> <p>Please fill out the Kickoff survey if you haven't already! <a href=\""http://bit.ly/rladieschi\"">bit.ly/rladieschi</a></p> <p>[UPDATED] Schedule:</p> <p>6:00-6:30pm - Food, introductions, announcements</p> <p>6:30-6:50pm - Workshop on hash package</p> <p>6:50-7:30pm - Look at data from initial R-Ladies surveys, participate in community planning</p> <p>7:30-8pm - Additional time for planning &amp; networking </p> "", 
    how_to_find_us = ""Go to the farthest elevators and up to the second floor."", visibility = ""public"", pro_is_email_shared = TRUE)"
"3","243332473","Data Visualization Workshop with ggplot2","2017-09-13 10:33:13","past","2017-09-28 18:00:00","2017-09-28","18:00","0","77","12326212","Microsoft Technology Center","41.8849296569824","-87.6219940185547","200 East Randolph Drive,  Suite 200 ","Chicago","IL","60602","us","<p>Join Kaelen Medeiros as she takes us through some basic ggplot2 data visualizations using the RLadies Survey from the August Meetup plus a few other fun open datasets. Data cleaning for visualizations will also be included in the talk.</p> <p>All are welcome, whether you're a R beginner or expert. This workshop is especially beginner-friendly!</p> <p>Schedule:</p> <p>6:00-6:30pm - Food, introductions, announcements</p> <p>6:30-7:15pm - Workshop on ggplot2</p> <p>7:15-8pm - Additional time for questions &amp; networking </p> <p>As always, pizza (and wheat-free &amp; dairy-free options) will be provided.</p> ","https://www.meetup.com/rladies-chicago/events/243332473/","list(created = 1505316793000, id = ""243332473"", name = ""Data Visualization Workshop with ggplot2"", status = ""past"", time = 1506639600000, local_date = ""2017-09-28"", local_time = ""18:00"", updated = 1507257444000, utc_offset = -18000000, waitlist_count = 0, yes_rsvp_count = 77, venue = list(id = 12326212, name = ""Microsoft Technology Center"", lat = 41.8849296569824, lon = -87.6219940185547, repinned = FALSE, address_1 = ""200 East Randolph Drive,  Suite 200 "", city = ""Chicago"", country = ""us"", localized_country_name = ""USA"", 
    zip = ""60602"", state = ""IL""), group = list(created = 1499286643000, name = ""R-Ladies Chicago"", id = 24848073, join_mode = ""open"", lat = 41.8800010681152, lon = -87.620002746582, urlname = ""rladies-chicago"", who = ""R-Ladies"", localized_location = ""Chicago, IL"", state = ""IL"", country = ""us"", region = ""en_US"", timezone = ""US/Central""), link = ""https://www.meetup.com/rladies-chicago/events/243332473/"", description = ""<p>Join Kaelen Medeiros as she takes us through some basic ggplot2 data visualizations using the RLadies Survey from the August Meetup plus a few other fun open datasets. Data cleaning for visualizations will also be included in the talk.</p> <p>All are welcome, whether you're a R beginner or expert. This workshop is especially beginner-friendly!</p> <p>Schedule:</p> <p>6:00-6:30pm - Food, introductions, announcements</p> <p>6:30-7:15pm - Workshop on ggplot2</p> <p>7:15-8pm - Additional time for questions &amp; networking </p> <p>As always, pizza (and wheat-free &amp; dairy-free options) will be provided.</p> "", 
    how_to_find_us = ""Go to the far elevators and up to the second floor."", visibility = ""public"", pro_is_email_shared = TRUE)"
"4","244346483","Oktoberfest Edition: Beer-in-Hand Data Science","2017-10-19 10:40:02","past","2017-10-26 18:00:00","2017-10-26","18:00","0","51","12326212","Microsoft Technology Center","41.8849296569824","-87.6219940185547","200 East Randolph Drive,  Suite 200 ","Chicago","IL","60602","us","<p>For our October Meetup, Amanda Dobbyn will talking about a deep dive she did into beer data pulled from a public API. </p> <p>Are beer styles actually indicative of shared attributes of the beers within that style? Or are style boundaries more or less arbitrary? Amanda used unsupervised clustering as well as prediction to approach these questions. Expect at least one gif and a hop called Fuggles.</p> <p>Schedule:</p> <p>6:00-6:30pm - Food, intros/icebreakers, announcements</p> <p>6:30-7:15pm - Talk on project</p> <p>7:15-8pm - Additional time for questions &amp; networking</p> ","https://www.meetup.com/rladies-chicago/events/244346483/","list(created = 1508427602000, id = ""244346483"", name = ""Oktoberfest Edition: Beer-in-Hand Data Science"", status = ""past"", time = 1509058800000, local_date = ""2017-10-26"", local_time = ""18:00"", updated = 1509128041000, utc_offset = -18000000, waitlist_count = 0, yes_rsvp_count = 51, venue = list(id = 12326212, name = ""Microsoft Technology Center"", lat = 41.8849296569824, lon = -87.6219940185547, repinned = FALSE, address_1 = ""200 East Randolph Drive,  Suite 200 "", city = ""Chicago"", country = ""us"", 
    localized_country_name = ""USA"", zip = ""60602"", state = ""IL""), group = list(created = 1499286643000, name = ""R-Ladies Chicago"", id = 24848073, join_mode = ""open"", lat = 41.8800010681152, lon = -87.620002746582, urlname = ""rladies-chicago"", who = ""R-Ladies"", localized_location = ""Chicago, IL"", state = ""IL"", country = ""us"", region = ""en_US"", timezone = ""US/Central""), link = ""https://www.meetup.com/rladies-chicago/events/244346483/"", description = ""<p>For our October Meetup, Amanda Dobbyn will talking about a deep dive she did into beer data pulled from a public API. </p> <p>Are beer styles actually indicative of shared attributes of the beers within that style? Or are style boundaries more or less arbitrary? Amanda used unsupervised clustering as well as prediction to approach these questions. Expect at least one gif and a hop called Fuggles.</p> <p>Schedule:</p> <p>6:00-6:30pm - Food, intros/icebreakers, announcements</p> <p>6:30-7:15pm - Talk on project</p> <p>7:15-8pm - Additional time for questions &amp; networking</p> "", 
    visibility = ""public"", pro_is_email_shared = TRUE)"
"5","244984416","Tidy Data Workflows with Emily Riederer (& Conference Recap)","2017-11-09 20:35:16","past","2017-11-16 18:00:00","2017-11-16","18:00","0","40","12326212","Microsoft Technology Center","41.8849296569824","-87.6219940185547","200 East Randolph Drive,  Suite 200 ","Chicago","IL","60602","us","<p>Emily Riederer and Angela Li went to the Enterprise Applications of the R Language (EARL) conference in Boston last week, and are excited to share knowledge from the event with R-Ladies Chicago!</p> <p>Angela will give a brief recap of the conference, and Emily will give a short talk she presented at the conference about tidy data workflows with a package she developed for business analysts at CapitalOne.</p> <p>Emily's talk will cover best practices and lessons learned from her package development and user-onboarding experience, and demonstrate ways that R and tidy tools can be used across industries to increase analytical quality while contributing to associate development. For the full abstract, check out this link: <a href=""https://earlconf.com/boston/""><a href=""https://earlconf.com/boston/"" class=""linkified"">https://earlconf.com/boston/</a></a></p> <p>Schedule:</p> <p>6:00-6:30pm - Food, intros/icebreakers, go over Code of Conduct</p> <p>6:15-6:45pm - Announcements and brief conference recap by Angela</p> <p>6:45-7:15pm - Talk by Emily</p> <p>7:15-8pm - Time for questions &amp; networking</p> ","https://www.meetup.com/rladies-chicago/events/244984416/","list(created = 1510281316000, id = ""244984416"", name = ""Tidy Data Workflows with Emily Riederer (& Conference Recap)"", status = ""past"", time = 1510876800000, local_date = ""2017-11-16"", local_time = ""18:00"", rsvp_close_offset = ""PT6H"", updated = 1511185783000, utc_offset = -21600000, waitlist_count = 0, yes_rsvp_count = 40, venue = list(id = 12326212, name = ""Microsoft Technology Center"", lat = 41.8849296569824, lon = -87.6219940185547, repinned = FALSE, address_1 = ""200 East Randolph Drive,  Suite 200 "", 
    city = ""Chicago"", country = ""us"", localized_country_name = ""USA"", zip = ""60602"", state = ""IL""), group = list(created = 1499286643000, name = ""R-Ladies Chicago"", id = 24848073, join_mode = ""open"", lat = 41.8800010681152, lon = -87.620002746582, urlname = ""rladies-chicago"", who = ""R-Ladies"", localized_location = ""Chicago, IL"", state = ""IL"", country = ""us"", region = ""en_US"", timezone = ""US/Central""), link = ""https://www.meetup.com/rladies-chicago/events/244984416/"", description = ""<p>Emily Riederer and Angela Li went to the Enterprise Applications of the R Language (EARL) conference in Boston last week, and are excited to share knowledge from the event with R-Ladies Chicago!</p> <p>Angela will give a brief recap of the conference, and Emily will give a short talk she presented at the conference about tidy data workflows with a package she developed for business analysts at CapitalOne.</p> <p>Emily's talk will cover best practices and lessons learned from her package development and user-onboarding experience, and demonstrate ways that R and tidy tools can be used across industries to increase analytical quality while contributing to associate development. For the full abstract, check out this link: <a href=\""https://earlconf.com/boston/\""><a href=\""https://earlconf.com/boston/\"" class=\""linkified\"">https://earlconf.com/boston/</a></a></p> <p>Schedule:</p> <p>6:00-6:30pm - Food, intros/icebreakers, go over Code of Conduct</p> <p>6:15-6:45pm - Announcements and brief conference recap by Angela</p> <p>6:45-7:15pm - Talk by Emily</p> <p>7:15-8pm - Time for questions &amp; networking</p> "", 
    visibility = ""public"", pro_is_email_shared = TRUE)"
"6","245516334","Intro to R Markdown + Collaborative Coding Activity w/Kaylene McClanahan","2017-11-29 20:34:08","past","2017-12-13 18:00:00","2017-12-13","18:00","0","49","12326212","Microsoft Technology Center","41.8849296569824","-87.6219940185547","200 East Randolph Drive,  Suite 200 ","Chicago","IL","60602","us","<p>At this meetup, Kaylene McClanahan will lead us through our first collaborative coding activity! Kaylene will briefly introduce us to R Markdown (a great tool for easily annotating your code, sharing it with others, and turning your results into reports), and then we will work together in small groups to address a highly important and socially relevant question--where can you find NYC's most raging parties?</p> <p>We know the idea of coding with others can be daunting, but this is a safe space and everyone is welcome (even if you do not know how to use R yet). In fact, each group will be assigned a more experienced R user so this will be a great opportunity for beginners to see how other people deal with data in R! This will be a relaxed environment and a good chance to meet some of your fellow R Ladies, so please do not feel like you do not know enough to join in.</p> <p>If you can, bring your computer!</p> <p>Schedule:<br/>6:00-6:10--Food and introductions<br/>6:10-6:30--Brief explanation of R Markdown and introduction to the NYC party dataset<br/>6:30-7:20--Groups will explore the data and use R Markdown to document their process/results<br/>7:20-7:45--Groups will share what they did with the rest of the group (if they want to!)</p> ","https://www.meetup.com/rladies-chicago/events/245516334/","list(created = 1512009248000, duration = 7200000, id = ""245516334"", name = ""Intro to R Markdown + Collaborative Coding Activity w/Kaylene McClanahan"", status = ""past"", time = 1513209600000, local_date = ""2017-12-13"", local_time = ""18:00"", updated = 1513294067000, utc_offset = -21600000, waitlist_count = 0, yes_rsvp_count = 49, venue = list(id = 12326212, name = ""Microsoft Technology Center"", lat = 41.8849296569824, lon = -87.6219940185547, repinned = FALSE, address_1 = ""200 East Randolph Drive,  Suite 200 "", 
    city = ""Chicago"", country = ""us"", localized_country_name = ""USA"", zip = ""60602"", state = ""IL""), group = list(created = 1499286643000, name = ""R-Ladies Chicago"", id = 24848073, join_mode = ""open"", lat = 41.8800010681152, lon = -87.620002746582, urlname = ""rladies-chicago"", who = ""R-Ladies"", localized_location = ""Chicago, IL"", state = ""IL"", country = ""us"", region = ""en_US"", timezone = ""US/Central""), link = ""https://www.meetup.com/rladies-chicago/events/245516334/"", description = ""<p>At this meetup, Kaylene McClanahan will lead us through our first collaborative coding activity! Kaylene will briefly introduce us to R Markdown (a great tool for easily annotating your code, sharing it with others, and turning your results into reports), and then we will work together in small groups to address a highly important and socially relevant question--where can you find NYC's most raging parties?</p> <p>We know the idea of coding with others can be daunting, but this is a safe space and everyone is welcome (even if you do not know how to use R yet). In fact, each group will be assigned a more experienced R user so this will be a great opportunity for beginners to see how other people deal with data in R! This will be a relaxed environment and a good chance to meet some of your fellow R Ladies, so please do not feel like you do not know enough to join in.</p> <p>If you can, bring your computer!</p> <p>Schedule:<br/>6:00-6:10--Food and introductions<br/>6:10-6:30--Brief explanation of R Markdown and introduction to the NYC party dataset<br/>6:30-7:20--Groups will explore the data and use R Markdown to document their process/results<br/>7:20-7:45--Groups will share what they did with the rest of the group (if they want to!)</p> "", 
    visibility = ""public"", pro_is_email_shared = TRUE)"
"7","247052131","January R-Ladies Community Meetup","2018-01-22 08:37:32","past","2018-01-25 18:00:00","2018-01-25","18:00","0","11","25171968","kibbitznest books, brews & blarney","41.9218711853027","-87.6652450561523","2212 N. Clybourn Ave.,","Chicago","IL","","us","<p>• What we'll do<br/>Join us for our January R-Ladies Community Meetup, where we’ll get to know one another and brainstorm for R-Ladies Chicago in 2018. Come with your ideas for talks, speakers, workshops, book clubs, study groups, mentorship, projects, fundraising, and organizing, or just a willingness to get to know your fellow R-Ladies!</p> <p>There will be no formal technical talk at this meeting, but rather group discussion about what R-Ladies Chicago will look like and do in 2018. This will hopefully be the start of our added “social” Meetups, focused on networking and idea exchange. Also unlike our tech talks, food and drink are not provided, so bring a few $$ along. Join us for food, drinks, and fun!</p> <p>• What to bring<br/>bring $ for food &amp; drink! plenty of non-alcoholic drink options are available.</p> <p>• Important to know</p> ","https://www.meetup.com/rladies-chicago/events/247052131/","list(created = 1516631852000, duration = 7200000, id = ""247052131"", name = ""January R-Ladies Community Meetup"", status = ""past"", time = 1516924800000, local_date = ""2018-01-25"", local_time = ""18:00"", updated = 1516942337000, utc_offset = -21600000, waitlist_count = 0, yes_rsvp_count = 11, venue = list(id = 25171968, name = ""kibbitznest books, brews & blarney"", lat = 41.9218711853027, lon = -87.6652450561523, repinned = FALSE, address_1 = ""2212 N. Clybourn Ave.,"", city = ""Chicago"", country = ""us"", 
    localized_country_name = ""USA"", zip = """", state = ""IL""), group = list(created = 1499286643000, name = ""R-Ladies Chicago"", id = 24848073, join_mode = ""open"", lat = 41.8800010681152, lon = -87.620002746582, urlname = ""rladies-chicago"", who = ""R-Ladies"", localized_location = ""Chicago, IL"", state = ""IL"", country = ""us"", region = ""en_US"", timezone = ""US/Central""), link = ""https://www.meetup.com/rladies-chicago/events/247052131/"", description = ""<p>• What we'll do<br/>Join us for our January R-Ladies Community Meetup, where we’ll get to know one another and brainstorm for R-Ladies Chicago in 2018. Come with your ideas for talks, speakers, workshops, book clubs, study groups, mentorship, projects, fundraising, and organizing, or just a willingness to get to know your fellow R-Ladies!</p> <p>There will be no formal technical talk at this meeting, but rather group discussion about what R-Ladies Chicago will look like and do in 2018. This will hopefully be the start of our added “social” Meetups, focused on networking and idea exchange. Also unlike our tech talks, food and drink are not provided, so bring a few $$ along. Join us for food, drinks, and fun!</p> <p>• What to bring<br/>bring $ for food &amp; drink! plenty of non-alcoholic drink options are available.</p> <p>• Important to know</p> "", 
    how_to_find_us = ""look for your hosts (amanda, angela, & kaelen)!!"", visibility = ""public"", pro_is_email_shared = TRUE)"
"8","247550735","Make your own R package from scratch with Stephanie Kirmer","2018-02-06 13:03:29","past","2018-02-13 18:00:00","2018-02-13","18:00","0","56","24406406","WeWork Grant Park","41.8773155212402","-87.624626159668","332 S Michigan Ave","Chicago","IL","","us","<p>Please RSVP here (not absolutely necessary but will speed up the process on Tuesday night for us!):<br/><a href=""https://makeyourownrpackagefromscratchwithuptakedatascient.splashthat.com/"" class=""linkified"">https://makeyourownrpackagefromscratchwithuptakedatascient.splashthat.com/</a></p> <p>• What we'll do<br/>In this hands-on tutorial, Stephanie Kirmer from Uptake will introduce you to building your very own R package. If you've used R, you've almost certainly used a package - but did you know that building your own package is actually not hard at all? If you have written bits of useful code you want to keep and return to, you might want a package.</p> <p>After this session, you'll have the skills to start a package and document your functions, and resources to use for next steps like vignettes and unit testing. If you like, bring an R function you have written, or follow along using provided scripts.</p> <p>**No experience with any package building (or even function writing) is necessary to follow along with this tutorial.**</p> <p>Stephanie is a data scientist at Uptake, and along with the tutorial, a recruiter from Uptake will be on hand to talk to anyone thinking about applying to work there, so bring your resume too!</p> <p>Schedule:<br/>6:00-6:15--Food and introductions<br/>6:15-6:30--Recap of rstudio::conf by Amanda &amp; Angela<br/>6:30-7:15--Workshop with Stephanie<br/>7:15-8:00--Questions, recruiting pitch from Uptake, networking</p> <p>• Sponsor information<br/>WeWork provides small businesses, startups, freelancers, large enterprises, and everyone in between with the workspace, community, and services they need to make a life, not just a living. With weekly events, personalized support, month-to-month flexibility, and access to over 50,000 like-minded creators around the world, WeWork is the perfect place to grow your business. Book your tour at <a href=""https://www.wework.com/l/chicago--IL?utm_campaign=CHI-2018-3-8-18-RLadies&amp;utm_medium=page&amp;utm_source=wework"" class=""linkified"">https://www.wework.com/l/chicago--IL?utm_campaign=CHI-2018-3-8-18-RLadies&amp;utm_medium=page&amp;utm_source=wework</a>.</p> <p>• What to bring<br/>Photo ID, computer, resume (if interested in working at Uptake)</p> <p>• Important to know<br/>Please make sure you submit your full name when you RSVP.</p> ","https://www.meetup.com/rladies-chicago/events/247550735/","list(created = 1517943809000, duration = 7200000, id = ""247550735"", name = ""Make your own R package from scratch with Stephanie Kirmer"", status = ""past"", time = 1518566400000, local_date = ""2018-02-13"", local_time = ""18:00"", updated = 1518583309000, utc_offset = -21600000, waitlist_count = 0, yes_rsvp_count = 56, venue = list(id = 24406406, name = ""WeWork Grant Park"", lat = 41.8773155212402, lon = -87.624626159668, repinned = FALSE, address_1 = ""332 S Michigan Ave"", city = ""Chicago"", country = ""us"", 
    localized_country_name = ""USA"", zip = """", state = ""IL""), group = list(created = 1499286643000, name = ""R-Ladies Chicago"", id = 24848073, join_mode = ""open"", lat = 41.8800010681152, lon = -87.620002746582, urlname = ""rladies-chicago"", who = ""R-Ladies"", localized_location = ""Chicago, IL"", state = ""IL"", country = ""us"", region = ""en_US"", timezone = ""US/Central""), link = ""https://www.meetup.com/rladies-chicago/events/247550735/"", description = ""<p>Please RSVP here (not absolutely necessary but will speed up the process on Tuesday night for us!):<br/><a href=\""https://makeyourownrpackagefromscratchwithuptakedatascient.splashthat.com/\"" class=\""linkified\"">https://makeyourownrpackagefromscratchwithuptakedatascient.splashthat.com/</a></p> <p>• What we'll do<br/>In this hands-on tutorial, Stephanie Kirmer from Uptake will introduce you to building your very own R package. If you've used R, you've almost certainly used a package - but did you know that building your own package is actually not hard at all? If you have written bits of useful code you want to keep and return to, you might want a package.</p> <p>After this session, you'll have the skills to start a package and document your functions, and resources to use for next steps like vignettes and unit testing. If you like, bring an R function you have written, or follow along using provided scripts.</p> <p>**No experience with any package building (or even function writing) is necessary to follow along with this tutorial.**</p> <p>Stephanie is a data scientist at Uptake, and along with the tutorial, a recruiter from Uptake will be on hand to talk to anyone thinking about applying to work there, so bring your resume too!</p> <p>Schedule:<br/>6:00-6:15--Food and introductions<br/>6:15-6:30--Recap of rstudio::conf by Amanda &amp; Angela<br/>6:30-7:15--Workshop with Stephanie<br/>7:15-8:00--Questions, recruiting pitch from Uptake, networking</p> <p>• Sponsor information<br/>WeWork provides small businesses, startups, freelancers, large enterprises, and everyone in between with the workspace, community, and services they need to make a life, not just a living. With weekly events, personalized support, month-to-month flexibility, and access to over 50,000 like-minded creators around the world, WeWork is the perfect place to grow your business. Book your tour at <a href=\""https://www.wework.com/l/chicago--IL?utm_campaign=CHI-2018-3-8-18-RLadies&amp;utm_medium=page&amp;utm_source=wework\"" class=\""linkified\"">https://www.wework.com/l/chicago--IL?utm_campaign=CHI-2018-3-8-18-RLadies&amp;utm_medium=page&amp;utm_source=wework</a>.</p> <p>• What to bring<br/>Photo ID, computer, resume (if interested in working at Uptake)</p> <p>• Important to know<br/>Please make sure you submit your full name when you RSVP.</p> "", 
    how_to_find_us = ""Note that we're in a different location this time - please contact the organizers if you have trouble finding us!"", visibility = ""public"", pro_is_email_shared = TRUE)"
"9","248167226","R-Ladies Chicago + Hadley Wickham: Introduction to tidy evaluation in R","2018-02-25 14:15:24","past","2018-03-08 18:00:00","2018-03-08","18:00","0","99","24406406","WeWork Grant Park","41.8773155212402","-87.624626159668","332 S Michigan Ave","Chicago","IL","","us","<p>***UPDATE 3/5: we have increased the number of RSVPs available due to the interest in this event. We would prefer if the remaining spots are primarily reserved for women/female-identifying/non-binary individuals. This event is likely to be standing room only - arrive early if you want a seat!</p> <p>Please RSVP on this Meetup page and on the Splash page located here: <a href=""https://rladieschicagowelcomeschiefscientistatrstudiohadle.splashthat.com/"" class=""linkified"">https://rladieschicagowelcomeschiefscientistatrstudiohadle.splashthat.com/</a></p> <p>RLadies Chicago is privileged to welcome Chief Scientist at RStudio, author of ggplot2 and many packages in the tidyverse, and perhaps the most prolific R developer of our time: Hadley Wickham.</p> <p>Talk Abstract:<br/>Tidy evaluation is a new framework for non-standard evaluation that is used throughout the tidyverse. In this talk, I'll introduce you to the problem that tidy eval solves, illustrated with examples of the various approaches used in R. I'll then explain the most important components so that you can start writing your own functions instead of copying and pasting tidyr and dplyr code.</p> <p>Schedule:<br/>6:00-6:30 -- Food, introductions, and announcements<br/>6:30-7:15 -- Talk by Hadley<br/>7:15-8:00 -- Questions, networking<br/>8:00-9:30 -- Post-event at the Chicago Athletic Association's Drawing Room at 12 S Michigan Ave, Fl 2.<br/><a href=""https://www.yelp.com/biz/drawing-room-chicago"" class=""linkified"">https://www.yelp.com/biz/drawing-room-chicago</a></p> <p>Bio:<br/>Hadley is Chief Scientist at RStudio, a member of the R Foundation, and Adjunct Professor at Stanford University and the University of Auckland. He builds tools (both computational and cognitive) to make data science easier, faster, and more fun. His work includes packages for data science (the tidyverse: including ggplot2, dplyr, tidyr, purrr, and readr) and principled software development (roxygen2, testthat, devtools). He is also a writer, educator, and speaker promoting the use of R for data science. Learn more on his website, <a href=""http://hadley.nz"" class=""linkified"">http://hadley.nz</a>.</p> <p>What to bring:<br/>Laptop or notebook if you like! Wifi is available and live-tweeting is encouraged.</p> <p>Important to know:<br/>We expect all attendees to abide &amp; be governed by our community code of conduct. Please take a moment to review our R-Ladies Global code of conduct (particularly if this is your first time attending!): <a href=""https://github.com/rladies/starter-kit/wiki/Code-of-Conduct"" class=""linkified"">https://github.com/rladies/starter-kit/wiki/Code-of-Conduct</a>.</p> <p>Q: Are men welcome to attend R-Ladies events?<br/>A: Yes, men are welcome at this event. Our mission is to encourage more women and non-binary individuals to get involved in the R community. Please help us by spreading the word about R-Ladies, and by being respectful of the fact that this event is primarily for women/non-binary/female-identifying individuals.</p> <p>Afterward, those interested will head down the street for an informal post-event at the Drawing Room at 12 S Michigan Ave, Fl 2, Chicago Athletic Association.</p> <p>Sponsor:<br/>Thank you to Microsoft Developer Advocates (<a href=""https://developer.microsoft.com/en-us/advocates/index.html"" class=""linkified"">https://developer.microsoft.com/en-us/advocates/index.html</a>) and David Smith for sponsoring pizza for this event!</p> ","https://www.meetup.com/rladies-chicago/events/248167226/","list(created = 1519589724000, duration = 7200000, id = ""248167226"", name = ""R-Ladies Chicago + Hadley Wickham: Introduction to tidy evaluation in R"", rsvp_limit = 125, status = ""past"", time = 1520553600000, local_date = ""2018-03-08"", local_time = ""18:00"", updated = 1520692418000, utc_offset = -21600000, waitlist_count = 0, yes_rsvp_count = 99, venue = list(id = 24406406, name = ""WeWork Grant Park"", lat = 41.8773155212402, lon = -87.624626159668, repinned = FALSE, address_1 = ""332 S Michigan Ave"", 
    city = ""Chicago"", country = ""us"", localized_country_name = ""USA"", zip = """", state = ""IL""), group = list(created = 1499286643000, name = ""R-Ladies Chicago"", id = 24848073, join_mode = ""open"", lat = 41.8800010681152, lon = -87.620002746582, urlname = ""rladies-chicago"", who = ""R-Ladies"", localized_location = ""Chicago, IL"", state = ""IL"", country = ""us"", region = ""en_US"", timezone = ""US/Central""), link = ""https://www.meetup.com/rladies-chicago/events/248167226/"", description = ""<p>***UPDATE 3/5: we have increased the number of RSVPs available due to the interest in this event. We would prefer if the remaining spots are primarily reserved for women/female-identifying/non-binary individuals. This event is likely to be standing room only - arrive early if you want a seat!</p> <p>Please RSVP on this Meetup page and on the Splash page located here: <a href=\""https://rladieschicagowelcomeschiefscientistatrstudiohadle.splashthat.com/\"" class=\""linkified\"">https://rladieschicagowelcomeschiefscientistatrstudiohadle.splashthat.com/</a></p> <p>RLadies Chicago is privileged to welcome Chief Scientist at RStudio, author of ggplot2 and many packages in the tidyverse, and perhaps the most prolific R developer of our time: Hadley Wickham.</p> <p>Talk Abstract:<br/>Tidy evaluation is a new framework for non-standard evaluation that is used throughout the tidyverse. In this talk, I'll introduce you to the problem that tidy eval solves, illustrated with examples of the various approaches used in R. I'll then explain the most important components so that you can start writing your own functions instead of copying and pasting tidyr and dplyr code.</p> <p>Schedule:<br/>6:00-6:30 -- Food, introductions, and announcements<br/>6:30-7:15 -- Talk by Hadley<br/>7:15-8:00 -- Questions, networking<br/>8:00-9:30 -- Post-event at the Chicago Athletic Association's Drawing Room at 12 S Michigan Ave, Fl 2.<br/><a href=\""https://www.yelp.com/biz/drawing-room-chicago\"" class=\""linkified\"">https://www.yelp.com/biz/drawing-room-chicago</a></p> <p>Bio:<br/>Hadley is Chief Scientist at RStudio, a member of the R Foundation, and Adjunct Professor at Stanford University and the University of Auckland. He builds tools (both computational and cognitive) to make data science easier, faster, and more fun. His work includes packages for data science (the tidyverse: including ggplot2, dplyr, tidyr, purrr, and readr) and principled software development (roxygen2, testthat, devtools). He is also a writer, educator, and speaker promoting the use of R for data science. Learn more on his website, <a href=\""http://hadley.nz\"" class=\""linkified\"">http://hadley.nz</a>.</p> <p>What to bring:<br/>Laptop or notebook if you like! Wifi is available and live-tweeting is encouraged.</p> <p>Important to know:<br/>We expect all attendees to abide &amp; be governed by our community code of conduct. Please take a moment to review our R-Ladies Global code of conduct (particularly if this is your first time attending!): <a href=\""https://github.com/rladies/starter-kit/wiki/Code-of-Conduct\"" class=\""linkified\"">https://github.com/rladies/starter-kit/wiki/Code-of-Conduct</a>.</p> <p>Q: Are men welcome to attend R-Ladies events?<br/>A: Yes, men are welcome at this event. Our mission is to encourage more women and non-binary individuals to get involved in the R community. Please help us by spreading the word about R-Ladies, and by being respectful of the fact that this event is primarily for women/non-binary/female-identifying individuals.</p> <p>Afterward, those interested will head down the street for an informal post-event at the Drawing Room at 12 S Michigan Ave, Fl 2, Chicago Athletic Association.</p> <p>Sponsor:<br/>Thank you to Microsoft Developer Advocates (<a href=\""https://developer.microsoft.com/en-us/advocates/index.html\"" class=\""linkified\"">https://developer.microsoft.com/en-us/advocates/index.html</a>) and David Smith for sponsoring pizza for this event!</p> "", 
    how_to_find_us = ""Take the elevators to the 9th floor!"", visibility = ""public"", pro_is_email_shared = TRUE)"
"10","249814648","Introduction to Spatial Data Analysis and Mapping in R with Angela Li","2018-04-15 17:45:39","past","2018-04-26 18:00:00","2018-04-26","18:00","0","64","24406406","WeWork Grant Park","41.8773155212402","-87.624626159668","332 S Michigan Ave","Chicago","IL","","us","<p>• What we'll do<br/>Please RSVP here on this Meetup as well as on the WeWork Splash page: <a href=""https://introtospatialdatasciencewithr-ladieschicagofounde.splashthat.com/"" class=""linkified"">https://introtospatialdatasciencewithr-ladieschicagofounde.splashthat.com/</a></p> <p>R-Ladies Chicago founder and organizer, Angela Li, of the Center for Spatial Data Science at the University of Chicago, will be giving a talk related to her recent research in spatial data analysis. She will introduce a few packages that she's found useful in her research, like sf and tmap, and teach you how to make maps and work with spatial data in R.</p> <p>Schedule:<br/>6:00-6:30 -- Food, intros, announcements, business, etc.<br/>6:30-7:15 -- Talk by Angela<br/>7:15-8:30 -- Mingling, hanging out, more food</p> <p>Q: Are men welcome to attend R-Ladies events?<br/>A: Yes, men are welcome at this event. Our mission is to encourage more women and non-binary individuals to get involved in the R community. Please help us by spreading the word about R-Ladies, and by being respectful of the fact that this event is primarily for women/non-binary/female-identifying individuals.</p> <p>WeWork Info:<br/>WeWork provides small businesses, startups, freelancers, large enterprises, and everyone in between with the workspace, community, and services they need to make a life, not just a living. With weekly events, personalized support, month-to-month flexibility, and access to over 200,000 like-minded creators around the world, WeWork is the perfect place to grow your business. Book your tour here! <a href=""https://www.wework.com/l/chicago--IL?utm_campaign=CHI-2018-04-26-18-RLadies&amp;utm_medium=page&amp;utm_source=wework"" class=""linkified"">https://www.wework.com/l/chicago--IL?utm_campaign=CHI-2018-04-26-18-RLadies&amp;utm_medium=page&amp;utm_source=wework</a></p> <p>Thank you to Microsoft Developer Advocates (<a href=""https://developer.microsoft.com/en-us/advocates/index.html"" class=""linkified"">https://developer.microsoft.com/en-us/advocates/index.html</a>) and David Smith for sponsoring pizza for this event!</p> <p>• What to bring<br/>Laptop or notebook if you like! Wifi is available and live-tweeting is encouraged.</p> <p>• Important to know<br/>We expect all attendees to abide &amp; be governed by our community code of conduct. Please take a moment to review our R-Ladies Global code of conduct (particularly if this is your first time attending!): <a href=""https://github.com/rladies/starter-kit/wiki/Code-of-Conduct"" class=""linkified"">https://github.com/rladies/starter-kit/wiki/Code-of-Conduct</a>.</p> ","https://www.meetup.com/rladies-chicago/events/249814648/","list(created = 1523832339000, duration = 9000000, id = ""249814648"", name = ""Introduction to Spatial Data Analysis and Mapping in R with Angela Li"", rsvp_limit = 100, status = ""past"", time = 1524783600000, local_date = ""2018-04-26"", local_time = ""18:00"", updated = 1524868498000, utc_offset = -18000000, waitlist_count = 0, yes_rsvp_count = 64, venue = list(id = 24406406, name = ""WeWork Grant Park"", lat = 41.8773155212402, lon = -87.624626159668, repinned = FALSE, address_1 = ""332 S Michigan Ave"", city = ""Chicago"", 
    country = ""us"", localized_country_name = ""USA"", zip = """", state = ""IL""), group = list(created = 1499286643000, name = ""R-Ladies Chicago"", id = 24848073, join_mode = ""open"", lat = 41.8800010681152, lon = -87.620002746582, urlname = ""rladies-chicago"", who = ""R-Ladies"", localized_location = ""Chicago, IL"", state = ""IL"", country = ""us"", region = ""en_US"", timezone = ""US/Central""), link = ""https://www.meetup.com/rladies-chicago/events/249814648/"", description = ""<p>• What we'll do<br/>Please RSVP here on this Meetup as well as on the WeWork Splash page: <a href=\""https://introtospatialdatasciencewithr-ladieschicagofounde.splashthat.com/\"" class=\""linkified\"">https://introtospatialdatasciencewithr-ladieschicagofounde.splashthat.com/</a></p> <p>R-Ladies Chicago founder and organizer, Angela Li, of the Center for Spatial Data Science at the University of Chicago, will be giving a talk related to her recent research in spatial data analysis. She will introduce a few packages that she's found useful in her research, like sf and tmap, and teach you how to make maps and work with spatial data in R.</p> <p>Schedule:<br/>6:00-6:30 -- Food, intros, announcements, business, etc.<br/>6:30-7:15 -- Talk by Angela<br/>7:15-8:30 -- Mingling, hanging out, more food</p> <p>Q: Are men welcome to attend R-Ladies events?<br/>A: Yes, men are welcome at this event. Our mission is to encourage more women and non-binary individuals to get involved in the R community. Please help us by spreading the word about R-Ladies, and by being respectful of the fact that this event is primarily for women/non-binary/female-identifying individuals.</p> <p>WeWork Info:<br/>WeWork provides small businesses, startups, freelancers, large enterprises, and everyone in between with the workspace, community, and services they need to make a life, not just a living. With weekly events, personalized support, month-to-month flexibility, and access to over 200,000 like-minded creators around the world, WeWork is the perfect place to grow your business. Book your tour here! <a href=\""https://www.wework.com/l/chicago--IL?utm_campaign=CHI-2018-04-26-18-RLadies&amp;utm_medium=page&amp;utm_source=wework\"" class=\""linkified\"">https://www.wework.com/l/chicago--IL?utm_campaign=CHI-2018-04-26-18-RLadies&amp;utm_medium=page&amp;utm_source=wework</a></p> <p>Thank you to Microsoft Developer Advocates (<a href=\""https://developer.microsoft.com/en-us/advocates/index.html\"" class=\""linkified\"">https://developer.microsoft.com/en-us/advocates/index.html</a>) and David Smith for sponsoring pizza for this event!</p> <p>• What to bring<br/>Laptop or notebook if you like! Wifi is available and live-tweeting is encouraged.</p> <p>• Important to know<br/>We expect all attendees to abide &amp; be governed by our community code of conduct. Please take a moment to review our R-Ladies Global code of conduct (particularly if this is your first time attending!): <a href=\""https://github.com/rladies/starter-kit/wiki/Code-of-Conduct\"" class=\""linkified\"">https://github.com/rladies/starter-kit/wiki/Code-of-Conduct</a>.</p> "", 
    how_to_find_us = ""Up on the 9th floor, can't miss it!"", visibility = ""public"", pro_is_email_shared = TRUE)"
"11","250760283","3 Ways to Make a Data Visualization (r/DataIsBeautiful contest) ","2018-05-13 20:01:26","past","2018-05-22 18:00:00","2018-05-22","18:00","0","46","24787960","WeWork","41.889476776123","-87.62890625","20 W. Kinzie Street 17th floor","Chicago","IL","","us","<p>**NOTE: We are in a different WeWork this time! Please take note of this location change (Kinzie, not Grant Park).**</p> <p>Curious about the different ways you can tackle a data visualization project?</p> <p>Hear from Amy, Caroline and Abhinaya of the newly formed R-Ladies Chicago board on how they solve this month’s r/DataIsBeautiful challenge!</p> <p>If you would like to participate, please check out the dataset here: <a href=""https://www.reddit.com/r/dataisbeautiful/"" class=""linkified"">https://www.reddit.com/r/dataisbeautiful/</a> As we get closer to the Meetup date, we will have a GitHub link for you to share yours and we will showcase it at the beginning of the Meetup.</p> <p>Also, Kaelen is leaving to New York to start a new role at DataCamp as Content Quality Analyst and she also has a new DataCamp course coming out soon called “Experimental Design in R.” We will be celebrating it with cake.</p> <p>Schedule:<br/>6:00-6:30 -- Food, intros, WeWork, announcements, business, etc.<br/>6:30-7:15 -- Showcase data visualization<br/>7:15-8:00 -- DataCamp course info, mingling, hanging out, more food</p> <p>Q: Are men welcome to attend R-Ladies events?<br/>A: Yes, men are welcome at this event. Our mission is to encourage more women and non-binary individuals to get involved in the R community. Please help us by spreading the word about R-Ladies, and by being respectful of the fact that this event is primarily for women/non-binary/female-identifying individuals.</p> <p>WeWork Info:<br/>WeWork provides small businesses, startups, freelancers, large enterprises, and everyone in between with the workspace, community, and services they need to make a life, not just a living. With weekly events, personalized support, month-to-month flexibility, and access to over 200,000 like-minded creators around the world, WeWork is the perfect place to grow your business. Book your tour here! <a href=""https://www.wework.com/l/chicago--IL?utm_campaign=CHI-2018-04-26-18-RLadies&amp;utm_medium=page&amp;utm_source=wework"" class=""linkified"">https://www.wework.com/l/chicago--IL?utm_campaign=CHI-2018-04-26-18-RLadies&amp;utm_medium=page&amp;utm_source=wework</a></p> <p>Thank you to Microsoft Developer Advocates (<a href=""https://developer.microsoft.com/en-us/advocates/index.html"" class=""linkified"">https://developer.microsoft.com/en-us/advocates/index.html</a>) and David Smith for sponsoring food for this event!</p> <p>• What to bring<br/>Laptop or notebook if you like! Wifi is available and live-tweeting is encouraged.</p> <p>• Important to know<br/>We expect all attendees to abide &amp; be governed by our community code of conduct. Please take a moment to review our R-Ladies Global code of conduct (particularly if this is your first time attending!): <a href=""https://rladies.org/code-of-conduct/"" class=""linkified"">https://rladies.org/code-of-conduct/</a></p> ","https://www.meetup.com/rladies-chicago/events/250760283/","list(created = 1526259686000, duration = 7200000, id = ""250760283"", name = ""3 Ways to Make a Data Visualization (r/DataIsBeautiful contest) "", status = ""past"", time = 1.52703e+12, local_date = ""2018-05-22"", local_time = ""18:00"", updated = 1527073675000, utc_offset = -18000000, waitlist_count = 0, yes_rsvp_count = 46, venue = list(id = 24787960, name = ""WeWork"", lat = 41.889476776123, lon = -87.62890625, repinned = TRUE, address_1 = ""20 W. Kinzie Street 17th floor"", city = ""Chicago"", country = ""us"", 
    localized_country_name = ""USA"", zip = """", state = ""IL""), group = list(created = 1499286643000, name = ""R-Ladies Chicago"", id = 24848073, join_mode = ""open"", lat = 41.8800010681152, lon = -87.620002746582, urlname = ""rladies-chicago"", who = ""R-Ladies"", localized_location = ""Chicago, IL"", state = ""IL"", country = ""us"", region = ""en_US"", timezone = ""US/Central""), link = ""https://www.meetup.com/rladies-chicago/events/250760283/"", description = ""<p>**NOTE: We are in a different WeWork this time! Please take note of this location change (Kinzie, not Grant Park).**</p> <p>Curious about the different ways you can tackle a data visualization project?</p> <p>Hear from Amy, Caroline and Abhinaya of the newly formed R-Ladies Chicago board on how they solve this month’s r/DataIsBeautiful challenge!</p> <p>If you would like to participate, please check out the dataset here: <a href=\""https://www.reddit.com/r/dataisbeautiful/\"" class=\""linkified\"">https://www.reddit.com/r/dataisbeautiful/</a> As we get closer to the Meetup date, we will have a GitHub link for you to share yours and we will showcase it at the beginning of the Meetup.</p> <p>Also, Kaelen is leaving to New York to start a new role at DataCamp as Content Quality Analyst and she also has a new DataCamp course coming out soon called “Experimental Design in R.” We will be celebrating it with cake.</p> <p>Schedule:<br/>6:00-6:30 -- Food, intros, WeWork, announcements, business, etc.<br/>6:30-7:15 -- Showcase data visualization<br/>7:15-8:00 -- DataCamp course info, mingling, hanging out, more food</p> <p>Q: Are men welcome to attend R-Ladies events?<br/>A: Yes, men are welcome at this event. Our mission is to encourage more women and non-binary individuals to get involved in the R community. Please help us by spreading the word about R-Ladies, and by being respectful of the fact that this event is primarily for women/non-binary/female-identifying individuals.</p> <p>WeWork Info:<br/>WeWork provides small businesses, startups, freelancers, large enterprises, and everyone in between with the workspace, community, and services they need to make a life, not just a living. With weekly events, personalized support, month-to-month flexibility, and access to over 200,000 like-minded creators around the world, WeWork is the perfect place to grow your business. Book your tour here! <a href=\""https://www.wework.com/l/chicago--IL?utm_campaign=CHI-2018-04-26-18-RLadies&amp;utm_medium=page&amp;utm_source=wework\"" class=\""linkified\"">https://www.wework.com/l/chicago--IL?utm_campaign=CHI-2018-04-26-18-RLadies&amp;utm_medium=page&amp;utm_source=wework</a></p> <p>Thank you to Microsoft Developer Advocates (<a href=\""https://developer.microsoft.com/en-us/advocates/index.html\"" class=\""linkified\"">https://developer.microsoft.com/en-us/advocates/index.html</a>) and David Smith for sponsoring food for this event!</p> <p>• What to bring<br/>Laptop or notebook if you like! Wifi is available and live-tweeting is encouraged.</p> <p>• Important to know<br/>We expect all attendees to abide &amp; be governed by our community code of conduct. Please take a moment to review our R-Ladies Global code of conduct (particularly if this is your first time attending!): <a href=\""https://rladies.org/code-of-conduct/\"" class=\""linkified\"">https://rladies.org/code-of-conduct/</a></p> "", 
    visibility = ""public"", pro_is_email_shared = TRUE)"
"12","251993949","R-Ladies Summer Social: Sip & Code! ","2018-06-21 10:56:31","past","2018-07-02 18:00:00","2018-07-02","18:00","0","56","6146392","20 W Kinzie St","41.8894081115723","-87.6289443969727","20 W Kinzie St","Chicago","Il","60654","us","<p>Summer is finally here! Join R-Ladies Chicago to celebrate with wine and R!</p> <p>• What we'll do:<br/>We will taste some wines (and non-alcoholic drinks too!) and rate them based on the winemag.com scoring system. Then, we will work together in small groups to analyze and visualize the wine preferences of R-Ladies in R! Wine consumption is absolutely optional --we'll have non-alcoholic beverages &amp; food too.</p> <p>We'll also be introducing some R-Ladies Chicago outreach initiatives, including our new website: rladieschicago.org and kicking-off our Random Acts of Coffee program!</p> <p>There will be no formal technical talk at this meeting; rather, a time to network with fellow R-Ladies while doing a collaborative coding activity. This is part of our “social” Meetups, focused on networking and idea exchange.</p> <p>• Collaborative Coding:<br/>We know the idea of coding with others can be daunting, but this is a safe space and everyone is welcome (even if you do not know how to use R yet). Each group will be assigned a more experienced R user so this will be a great opportunity for beginners to see how other people deal with data in R! This will be a relaxed environment and a good chance to meet some of your fellow R-Ladies, so please do not feel like you do not know enough to join in.</p> <p>Schedule:<br/>6-6:30 -- Food, Wine Tasting, Intros &amp; Announcements<br/>6:30-7:15 -- Collaborative Coding Activity<br/>7:15-7:35 -- Groups will share what they did with the rest of the group (if they want to!)<br/>7:35-8:00 -- Socializing/Networking/Hanging out</p> <p>Q: Are men welcome to attend R-Ladies events?<br/>A: Yes, men are welcome at this event. Our mission is to encourage more women and non-binary individuals to get involved in the R community. Please help us by spreading the word about R-Ladies, and by being respectful of the fact that this event is primarily for women/non-binary/female-identifying individuals.</p> <p>WeWork Info:<br/>WeWork provides small businesses, startups, freelancers, large enterprises, and everyone in between with the workspace, community, and services they need to make a life, not just a living. With weekly events, personalized support, month-to-month flexibility, and access to over 200,000 like-minded creators around the world, WeWork is the perfect place to grow your business. Book your tour here! <a href=""https://www.wework.com/l/chicago--IL?utm_campaign=CHI-2018-04-26-18-RLadies&amp;utm_medium=page&amp;utm_source=wework"" class=""linkified"">https://www.wework.com/l/chicago--IL?utm_campaign=CHI-2018-04-26-18-RLadies&amp;utm_medium=page&amp;utm_source=wework</a></p> <p>Thank you to Microsoft Developer Advocates (<a href=""https://developer.microsoft.com/en-us/advocates/index.html"" class=""linkified"">https://developer.microsoft.com/en-us/advocates/index.html</a>) and David Smith for sponsoring pizza for this event!</p> <p>• What to bring<br/>Laptop or notebook if you can! Wifi is available and live-tweeting is encouraged.</p> <p>If you are interested in leading a small group for the collaborative coding activity (no preparation required, just bring in a laptop with R!) message the organizers via Meetup or email Katherine [at] rladies.org.</p> <p>• Important to know<br/>We expect all attendees to abide &amp; be governed by our community code of conduct. Please take a moment to review our R-Ladies Global code of conduct (particularly if this is your first time attending!): <a href=""https://github.com/rladies/starter-kit/wiki/Code-of-Conduct"" class=""linkified"">https://github.com/rladies/starter-kit/wiki/Code-of-Conduct</a>.</p> ","https://www.meetup.com/rladies-chicago/events/251993949/","list(created = 1529596591000, duration = 7200000, id = ""251993949"", name = ""R-Ladies Summer Social: Sip & Code! "", status = ""past"", time = 1530572400000, local_date = ""2018-07-02"", local_time = ""18:00"", updated = 1530814942000, utc_offset = -18000000, waitlist_count = 0, yes_rsvp_count = 56, venue = list(id = 6146392, name = ""20 W Kinzie St"", lat = 41.8894081115723, lon = -87.6289443969727, repinned = FALSE, address_1 = ""20 W Kinzie St"", city = ""Chicago"", country = ""us"", localized_country_name = ""USA"", 
    zip = ""60654"", state = ""Il""), group = list(created = 1499286643000, name = ""R-Ladies Chicago"", id = 24848073, join_mode = ""open"", lat = 41.8800010681152, lon = -87.620002746582, urlname = ""rladies-chicago"", who = ""R-Ladies"", localized_location = ""Chicago, IL"", state = ""IL"", country = ""us"", region = ""en_US"", timezone = ""US/Central""), link = ""https://www.meetup.com/rladies-chicago/events/251993949/"", description = ""<p>Summer is finally here! Join R-Ladies Chicago to celebrate with wine and R!</p> <p>• What we'll do:<br/>We will taste some wines (and non-alcoholic drinks too!) and rate them based on the winemag.com scoring system. Then, we will work together in small groups to analyze and visualize the wine preferences of R-Ladies in R! Wine consumption is absolutely optional --we'll have non-alcoholic beverages &amp; food too.</p> <p>We'll also be introducing some R-Ladies Chicago outreach initiatives, including our new website: rladieschicago.org and kicking-off our Random Acts of Coffee program!</p> <p>There will be no formal technical talk at this meeting; rather, a time to network with fellow R-Ladies while doing a collaborative coding activity. This is part of our “social” Meetups, focused on networking and idea exchange.</p> <p>• Collaborative Coding:<br/>We know the idea of coding with others can be daunting, but this is a safe space and everyone is welcome (even if you do not know how to use R yet). Each group will be assigned a more experienced R user so this will be a great opportunity for beginners to see how other people deal with data in R! This will be a relaxed environment and a good chance to meet some of your fellow R-Ladies, so please do not feel like you do not know enough to join in.</p> <p>Schedule:<br/>6-6:30 -- Food, Wine Tasting, Intros &amp; Announcements<br/>6:30-7:15 -- Collaborative Coding Activity<br/>7:15-7:35 -- Groups will share what they did with the rest of the group (if they want to!)<br/>7:35-8:00 -- Socializing/Networking/Hanging out</p> <p>Q: Are men welcome to attend R-Ladies events?<br/>A: Yes, men are welcome at this event. Our mission is to encourage more women and non-binary individuals to get involved in the R community. Please help us by spreading the word about R-Ladies, and by being respectful of the fact that this event is primarily for women/non-binary/female-identifying individuals.</p> <p>WeWork Info:<br/>WeWork provides small businesses, startups, freelancers, large enterprises, and everyone in between with the workspace, community, and services they need to make a life, not just a living. With weekly events, personalized support, month-to-month flexibility, and access to over 200,000 like-minded creators around the world, WeWork is the perfect place to grow your business. Book your tour here! <a href=\""https://www.wework.com/l/chicago--IL?utm_campaign=CHI-2018-04-26-18-RLadies&amp;utm_medium=page&amp;utm_source=wework\"" class=\""linkified\"">https://www.wework.com/l/chicago--IL?utm_campaign=CHI-2018-04-26-18-RLadies&amp;utm_medium=page&amp;utm_source=wework</a></p> <p>Thank you to Microsoft Developer Advocates (<a href=\""https://developer.microsoft.com/en-us/advocates/index.html\"" class=\""linkified\"">https://developer.microsoft.com/en-us/advocates/index.html</a>) and David Smith for sponsoring pizza for this event!</p> <p>• What to bring<br/>Laptop or notebook if you can! Wifi is available and live-tweeting is encouraged.</p> <p>If you are interested in leading a small group for the collaborative coding activity (no preparation required, just bring in a laptop with R!) message the organizers via Meetup or email Katherine [at] rladies.org.</p> <p>• Important to know<br/>We expect all attendees to abide &amp; be governed by our community code of conduct. Please take a moment to review our R-Ladies Global code of conduct (particularly if this is your first time attending!): <a href=\""https://github.com/rladies/starter-kit/wiki/Code-of-Conduct\"" class=\""linkified\"">https://github.com/rladies/starter-kit/wiki/Code-of-Conduct</a>.</p> "", 
    how_to_find_us = ""17th Floor"", visibility = ""public"", pro_is_email_shared = TRUE)"
"13","252249636","Game Time! R in Minecraft - Kid-Friendly Event","2018-06-28 19:04:43","past","2018-07-19 18:00:00","2018-07-19","18:00","0","52","24406406","WeWork Grant Park","41.8773155212402","-87.624626159668","332 S Michigan Ave","Chicago","IL","","us","<p>For our July meetup, David Smith will talk about the 'miner' package, how to set up your own Minecraft server, and how to use and extend the package. He'll also provide a few examples of the package in action in a live Minecraft session! Fun!</p> <p>The miner package is intended mainly for kids, to inspire them to learn R while playing Minecraft. But the development of the package also provides some useful insights into how to build an R package to interface with a persistent API, and how to instruct others on its use.</p> <p>This package is a collection of simple functions that allow you to connect with a Minecraft instance, manipulate the world within by creating blocks and controlling the player, and to detect events within the world and react accordingly.</p> <p>About the speaker: David Smith is a developer advocate at Microsoft, with a focus on data science and the R community. He has been a long time facilitator and a good ally for R-Ladies Chicago.</p> <p>Schedule:<br/>6:00-6:30 -- Food, intros, WeWork, announcements, business, etc.<br/>6:30-7:20 -- R in Minecraft<br/>7:20-8:00 -- Mingling, hanging out, more food</p> <p>Q: Are men welcome to attend R-Ladies events?<br/>A: Yes, men are welcome at this event. Our mission is to encourage more women and non-binary individuals to get involved in the R community. Please help us by spreading the word about R-Ladies, and by being respectful of the fact that this event is primarily for women/non-binary/female-identifying individuals.</p> <p>WeWork Info:<br/>WeWork provides small businesses, startups, freelancers, large enterprises, and everyone in between with the workspace, community, and services they need to make a life, not just a living. With weekly events, personalized support, month-to-month flexibility, and access to over 200,000 like-minded creators around the world, WeWork is the perfect place to grow your business. Book your tour here! <a href=""https://www.wework.com/l/chicago--IL?utm_campaign=CHI-2018-04-26-18-RLadies&amp;utm_medium=page&amp;utm_source=wework"" class=""linkified"">https://www.wework.com/l/chicago--IL?utm_campaign=CHI-2018-04-26-18-RLadies&amp;utm_medium=page&amp;utm_source=wework</a></p> <p>Thank you to Microsoft Developer Advocates (<a href=""https://developer.microsoft.com/en-us/advocates/index.html"" class=""linkified"">https://developer.microsoft.com/en-us/advocates/index.html</a>) and David Smith for sponsoring food for this event!</p> <p>• What to bring<br/>Laptop or notebook if you like! Wifi is available and live-tweeting is encouraged.</p> <p>• Important to know<br/>We expect all attendees to abide &amp; be governed by our community code of conduct. Please take a moment to review our R-Ladies Global code of conduct (particularly if this is your first time attending!): <a href=""https://rladies.org/code-of-conduct/"" class=""linkified"">https://rladies.org/code-of-conduct/</a></p> ","https://www.meetup.com/rladies-chicago/events/252249636/","list(created = 1530230683000, duration = 7200000, id = ""252249636"", name = ""Game Time! R in Minecraft - Kid-Friendly Event"", status = ""past"", time = 1532041200000, local_date = ""2018-07-19"", local_time = ""18:00"", updated = 1532070931000, utc_offset = -18000000, waitlist_count = 0, yes_rsvp_count = 52, venue = list(id = 24406406, name = ""WeWork Grant Park"", lat = 41.8773155212402, lon = -87.624626159668, repinned = TRUE, address_1 = ""332 S Michigan Ave"", city = ""Chicago"", country = ""us"", localized_country_name = ""USA"", 
    zip = """", state = ""IL""), group = list(created = 1499286643000, name = ""R-Ladies Chicago"", id = 24848073, join_mode = ""open"", lat = 41.8800010681152, lon = -87.620002746582, urlname = ""rladies-chicago"", who = ""R-Ladies"", localized_location = ""Chicago, IL"", state = ""IL"", country = ""us"", region = ""en_US"", timezone = ""US/Central""), link = ""https://www.meetup.com/rladies-chicago/events/252249636/"", description = ""<p>For our July meetup, David Smith will talk about the 'miner' package, how to set up your own Minecraft server, and how to use and extend the package. He'll also provide a few examples of the package in action in a live Minecraft session! Fun!</p> <p>The miner package is intended mainly for kids, to inspire them to learn R while playing Minecraft. But the development of the package also provides some useful insights into how to build an R package to interface with a persistent API, and how to instruct others on its use.</p> <p>This package is a collection of simple functions that allow you to connect with a Minecraft instance, manipulate the world within by creating blocks and controlling the player, and to detect events within the world and react accordingly.</p> <p>About the speaker: David Smith is a developer advocate at Microsoft, with a focus on data science and the R community. He has been a long time facilitator and a good ally for R-Ladies Chicago.</p> <p>Schedule:<br/>6:00-6:30 -- Food, intros, WeWork, announcements, business, etc.<br/>6:30-7:20 -- R in Minecraft<br/>7:20-8:00 -- Mingling, hanging out, more food</p> <p>Q: Are men welcome to attend R-Ladies events?<br/>A: Yes, men are welcome at this event. Our mission is to encourage more women and non-binary individuals to get involved in the R community. Please help us by spreading the word about R-Ladies, and by being respectful of the fact that this event is primarily for women/non-binary/female-identifying individuals.</p> <p>WeWork Info:<br/>WeWork provides small businesses, startups, freelancers, large enterprises, and everyone in between with the workspace, community, and services they need to make a life, not just a living. With weekly events, personalized support, month-to-month flexibility, and access to over 200,000 like-minded creators around the world, WeWork is the perfect place to grow your business. Book your tour here! <a href=\""https://www.wework.com/l/chicago--IL?utm_campaign=CHI-2018-04-26-18-RLadies&amp;utm_medium=page&amp;utm_source=wework\"" class=\""linkified\"">https://www.wework.com/l/chicago--IL?utm_campaign=CHI-2018-04-26-18-RLadies&amp;utm_medium=page&amp;utm_source=wework</a></p> <p>Thank you to Microsoft Developer Advocates (<a href=\""https://developer.microsoft.com/en-us/advocates/index.html\"" class=\""linkified\"">https://developer.microsoft.com/en-us/advocates/index.html</a>) and David Smith for sponsoring food for this event!</p> <p>• What to bring<br/>Laptop or notebook if you like! Wifi is available and live-tweeting is encouraged.</p> <p>• Important to know<br/>We expect all attendees to abide &amp; be governed by our community code of conduct. Please take a moment to review our R-Ladies Global code of conduct (particularly if this is your first time attending!): <a href=\""https://rladies.org/code-of-conduct/\"" class=\""linkified\"">https://rladies.org/code-of-conduct/</a></p> "", 
    visibility = ""public"", pro_is_email_shared = TRUE)"
"14","253881898","Astrostatistics in R: Predicting Solar Flares","2018-08-17 15:19:34","past","2018-08-28 18:00:00","2018-08-28","18:00","0","59","24787960","WeWork","41.889476776123","-87.62890625","20 W. Kinzie Street 17th floor","Chicago","IL","","us","<p>For our August meetup, the Astrostatistics Study Group (ASG) will talk about their ongoing project in predicting solar flares.</p> <p>R-Ladies board member and founder of the ASG, Caroline K. Williams will introduce the Astrostatistics study group and NASA Datanauts program she recently joined. She will also present the basic principles of Deep Learning that will be applied to the project.</p> <p>Josh Goldberg, a member of the ASG will present on a topic in data science that is often overlooked or does not get much coverage but is required to move any project forward: data exploration.</p> <p>The ASG adviser, Troy Hernandez will discuss how he got involved in the Solar Flare project as a mentor for the Space Weather Team of the 2017 NASA Frontier Development Lab. He will also talk about the progress of the analysis, and what he envisions for the ASG to achieve in this project.</p> <p>More about the speakers:<br/>Josh Goldberg, a member of the ASG, is passionate about coding, statistics, and research. During the day, he is a Data Scientist at Nuveen Investments solving business problems with #rstats. At night, he attends University of Chicago’s Masters in Analytics program and trains for the Chicago Marathon.</p> <p>Troy Hernandez is the Executive Architect at IBM, a Data Scientist, a community organizer, and Chicago R User Group organizer.</p> <p>Schedule:<br/>6-6:30 -- Food and drinks, Intros &amp; Announcements<br/>6:30-6:50 -- Caroline ASG intro and deep learning principles<br/>6:50-7:10 -- Josh Data cleaning and exploration<br/>7:10-7:30 -- Troy Project overview and progress<br/>7:30-8:00-- Q&amp;A/Socializing/Networking/Hanging out</p> <p>Thank you to WeWork for providing our meeting space! WeWork provides small businesses, startups, freelancers, large enterprises, and everyone in between with the workspace, community, and services they need to make a life, not just a living. With weekly events, personalized support, month-to-month flexibility, and access to over 200,000 like-minded creators around the world, WeWork is the perfect place to grow your business. Book your tour here! <a href=""https://www.wework.com/l/chicago--IL?utm_campaign=CHI-2018-04-26-18-RLadies&amp;utm_medium=page&amp;utm_source=wework"" class=""linkified"">https://www.wework.com/l/chicago--IL?utm_campaign=CHI-2018-04-26-18-RLadies&amp;utm_medium=page&amp;utm_source=wework</a></p> <p>Thank you to Microsoft Developer Advocates (<a href=""https://developer.microsoft.com/en-us/advocates/index.html"" class=""linkified"">https://developer.microsoft.com/en-us/advocates/index.html</a>) and David Smith for sponsoring food for this event!</p> <p>Important to Know:<br/>Q: Are men welcome to attend R-Ladies events?<br/>A: Yes, men are welcome at this event. Our mission is to encourage more women and non-binary individuals to get involved in the R community. Please help us by spreading the word about R-Ladies, and by being respectful of the fact that this event is primarily for women/non-binary/female-identifying individuals.</p> <p>We expect all attendees to abide &amp; be governed by our community code of conduct. Please take a moment to review our R-Ladies Global code of conduct (particularly if this is your first time attending!): <a href=""https://rladies.org/code-of-conduct/"" class=""linkified"">https://rladies.org/code-of-conduct/</a></p> ","https://www.meetup.com/rladies-chicago/events/253881898/","list(created = 1534537174000, duration = 7200000, id = ""253881898"", name = ""Astrostatistics in R: Predicting Solar Flares"", status = ""past"", time = 1535497200000, local_date = ""2018-08-28"", local_time = ""18:00"", updated = 1535528129000, utc_offset = -18000000, waitlist_count = 0, yes_rsvp_count = 59, venue = list(id = 24787960, name = ""WeWork"", lat = 41.889476776123, lon = -87.62890625, repinned = TRUE, address_1 = ""20 W. Kinzie Street 17th floor"", city = ""Chicago"", country = ""us"", localized_country_name = ""USA"", 
    zip = """", state = ""IL""), group = list(created = 1499286643000, name = ""R-Ladies Chicago"", id = 24848073, join_mode = ""open"", lat = 41.8800010681152, lon = -87.620002746582, urlname = ""rladies-chicago"", who = ""R-Ladies"", localized_location = ""Chicago, IL"", state = ""IL"", country = ""us"", region = ""en_US"", timezone = ""US/Central""), link = ""https://www.meetup.com/rladies-chicago/events/253881898/"", description = ""<p>For our August meetup, the Astrostatistics Study Group (ASG) will talk about their ongoing project in predicting solar flares.</p> <p>R-Ladies board member and founder of the ASG, Caroline K. Williams will introduce the Astrostatistics study group and NASA Datanauts program she recently joined. She will also present the basic principles of Deep Learning that will be applied to the project.</p> <p>Josh Goldberg, a member of the ASG will present on a topic in data science that is often overlooked or does not get much coverage but is required to move any project forward: data exploration.</p> <p>The ASG adviser, Troy Hernandez will discuss how he got involved in the Solar Flare project as a mentor for the Space Weather Team of the 2017 NASA Frontier Development Lab. He will also talk about the progress of the analysis, and what he envisions for the ASG to achieve in this project.</p> <p>More about the speakers:<br/>Josh Goldberg, a member of the ASG, is passionate about coding, statistics, and research. During the day, he is a Data Scientist at Nuveen Investments solving business problems with #rstats. At night, he attends University of Chicago’s Masters in Analytics program and trains for the Chicago Marathon.</p> <p>Troy Hernandez is the Executive Architect at IBM, a Data Scientist, a community organizer, and Chicago R User Group organizer.</p> <p>Schedule:<br/>6-6:30 -- Food and drinks, Intros &amp; Announcements<br/>6:30-6:50 -- Caroline ASG intro and deep learning principles<br/>6:50-7:10 -- Josh Data cleaning and exploration<br/>7:10-7:30 -- Troy Project overview and progress<br/>7:30-8:00-- Q&amp;A/Socializing/Networking/Hanging out</p> <p>Thank you to WeWork for providing our meeting space! WeWork provides small businesses, startups, freelancers, large enterprises, and everyone in between with the workspace, community, and services they need to make a life, not just a living. With weekly events, personalized support, month-to-month flexibility, and access to over 200,000 like-minded creators around the world, WeWork is the perfect place to grow your business. Book your tour here! <a href=\""https://www.wework.com/l/chicago--IL?utm_campaign=CHI-2018-04-26-18-RLadies&amp;utm_medium=page&amp;utm_source=wework\"" class=\""linkified\"">https://www.wework.com/l/chicago--IL?utm_campaign=CHI-2018-04-26-18-RLadies&amp;utm_medium=page&amp;utm_source=wework</a></p> <p>Thank you to Microsoft Developer Advocates (<a href=\""https://developer.microsoft.com/en-us/advocates/index.html\"" class=\""linkified\"">https://developer.microsoft.com/en-us/advocates/index.html</a>) and David Smith for sponsoring food for this event!</p> <p>Important to Know:<br/>Q: Are men welcome to attend R-Ladies events?<br/>A: Yes, men are welcome at this event. Our mission is to encourage more women and non-binary individuals to get involved in the R community. Please help us by spreading the word about R-Ladies, and by being respectful of the fact that this event is primarily for women/non-binary/female-identifying individuals.</p> <p>We expect all attendees to abide &amp; be governed by our community code of conduct. Please take a moment to review our R-Ladies Global code of conduct (particularly if this is your first time attending!): <a href=\""https://rladies.org/code-of-conduct/\"" class=\""linkified\"">https://rladies.org/code-of-conduct/</a></p> "", 
    visibility = ""public"", pro_is_email_shared = TRUE)"
"15","254251305","Dataviz Study Group: Intro to ggplot2","2018-08-30 16:31:04","past","2018-09-10 18:00:00","2018-09-10","18:00","0","15","23927166","Swoon","41.877384185791","-87.6370849609375","300 S. Wacker Ste. 300","Chicago","IL","","us","<p>Interested in data visualization? Then this study group is for you! Whether you’re beginner or an expert you’re welcome to join! Just bring your curiosity and enthusiasm.</p> <p>In this study group meeting, we will be getting brief introduction to ggplot2. ggplot2 is a R package created by Hadley Wickham to create aesthetically pleasing graphics. ggplot2 uses concepts from Leland Wilkinson's Grammar of Graphics to create graphics; making it have a steeper learning curve then R’s default graphic package.</p> <p>Study Group Agenda</p> <p>Schedule:<br/>6:00-6:15 -- Setup, intros, small talk<br/>6:15-6:45 -- Introductory talk about ggplot2 and the grammar of graphics<br/>6:45-7:45 -- Collaborative/Exploratory Coding/Questions about readings<br/>7:45-8:00 -- Set goals for the next meeting, get feedback from participants</p> <p>Sponsors</p> <p>Thank you to Swoon Staffing (<a href=""https://swoonstaffing.com/"" class=""linkified"">https://swoonstaffing.com/</a>) and Antoine Smith for providing space!</p> <p>FAQs</p> <p>Q: Are men welcome to attend R-Ladies events?<br/>A: Yes, men are welcome at this event. Our mission is to encourage more women and non-binary individuals to get involved in the R community. Please help us by spreading the word about R-Ladies, and by being respectful of the fact that this event is primarily for women/non-binary/female-identifying individuals.</p> <p>Are RSVP required?<br/>Yes, RSVP is required. Your id will be need in order to enter the building.</p> <p>Will food be provided?<br/>Food will not be provided.</p> <p>What do I need to bring?<br/>- laptop<br/>- power chord</p> <p>Important to know<br/>We expect all attendees to abide &amp; be governed by our community code of conduct. Please take a moment to review our R-Ladies Global code of conduct (particularly if this is your first time attending!): <a href=""https://rladies.org/code-of-conduct/"" class=""linkified"">https://rladies.org/code-of-conduct/</a></p> ","https://www.meetup.com/rladies-chicago/events/254251305/","list(created = 1535664664000, duration = 7200000, id = ""254251305"", name = ""Dataviz Study Group: Intro to ggplot2"", rsvp_limit = 60, status = ""past"", time = 1536620400000, local_date = ""2018-09-10"", local_time = ""18:00"", rsvp_close_offset = ""PT20H15M"", updated = 1536630604000, utc_offset = -18000000, waitlist_count = 0, yes_rsvp_count = 15, venue = list(id = 23927166, name = ""Swoon"", lat = 41.877384185791, lon = -87.6370849609375, repinned = TRUE, address_1 = ""300 S. Wacker Ste. 300"", city = ""Chicago"", 
    country = ""us"", localized_country_name = ""USA"", zip = """", state = ""IL""), group = list(created = 1499286643000, name = ""R-Ladies Chicago"", id = 24848073, join_mode = ""open"", lat = 41.8800010681152, lon = -87.620002746582, urlname = ""rladies-chicago"", who = ""R-Ladies"", localized_location = ""Chicago, IL"", state = ""IL"", country = ""us"", region = ""en_US"", timezone = ""US/Central""), link = ""https://www.meetup.com/rladies-chicago/events/254251305/"", description = ""<p>Interested in data visualization? Then this study group is for you! Whether you’re beginner or an expert you’re welcome to join! Just bring your curiosity and enthusiasm.</p> <p>In this study group meeting, we will be getting brief introduction to ggplot2. ggplot2 is a R package created by Hadley Wickham to create aesthetically pleasing graphics. ggplot2 uses concepts from Leland Wilkinson's Grammar of Graphics to create graphics; making it have a steeper learning curve then R’s default graphic package.</p> <p>Study Group Agenda</p> <p>Schedule:<br/>6:00-6:15 -- Setup, intros, small talk<br/>6:15-6:45 -- Introductory talk about ggplot2 and the grammar of graphics<br/>6:45-7:45 -- Collaborative/Exploratory Coding/Questions about readings<br/>7:45-8:00 -- Set goals for the next meeting, get feedback from participants</p> <p>Sponsors</p> <p>Thank you to Swoon Staffing (<a href=\""https://swoonstaffing.com/\"" class=\""linkified\"">https://swoonstaffing.com/</a>) and Antoine Smith for providing space!</p> <p>FAQs</p> <p>Q: Are men welcome to attend R-Ladies events?<br/>A: Yes, men are welcome at this event. Our mission is to encourage more women and non-binary individuals to get involved in the R community. Please help us by spreading the word about R-Ladies, and by being respectful of the fact that this event is primarily for women/non-binary/female-identifying individuals.</p> <p>Are RSVP required?<br/>Yes, RSVP is required. Your id will be need in order to enter the building.</p> <p>Will food be provided?<br/>Food will not be provided.</p> <p>What do I need to bring?<br/>- laptop<br/>- power chord</p> <p>Important to know<br/>We expect all attendees to abide &amp; be governed by our community code of conduct. Please take a moment to review our R-Ladies Global code of conduct (particularly if this is your first time attending!): <a href=\""https://rladies.org/code-of-conduct/\"" class=\""linkified\"">https://rladies.org/code-of-conduct/</a></p> "", 
    visibility = ""public"", pro_is_email_shared = TRUE)"
"16","254621401","Pro tips: how to start/advance your data science career ","2018-09-12 13:36:03","past","2018-09-27 17:45:00","2018-09-27","17:45","0","60","25941501","Uptake","41.8976402282715","-87.6433944702148","600 W Chicago Ave 2nd floor","Chicago","il","60654","us","<p>We have teamed up with Metis and invited Ashley Purdy (Career Advisor) to talk about everything you need to know about Data science job search!</p> <p>Ashley will discuss some strategies for how to put your best foot forward in the data science job search covering topics ranging from networking, interviews, and salary negotiations.</p> <p>Following by Monique, who will give a short talk on develop a LinkedIn profile that stands out above the rest. Let’s tackle LinkedIn together and learn how to maximize your account.</p> <p>Several recruiters from different industry will also be present and introduce the openings at their companies!</p> <p>If you are in the job market or considering a career change, you don't want to miss out this event!</p> <p>About the speaker: Ashley is the Chicago Career Advisor for Metis, a data science educator, and has over six years of experience as an employment professional. She started her career as a technical recruiter before transitioning to career advising. Working in both a recruiting and an advising capacity has given her a strong understanding of the recruitment process and what employers seek in a quality candidate, specifically in the technical and data science industries. Ashley is passionate about helping job seekers and professionals identify the next steps forward in their careers that align with their overall professional goals.</p> <p>Schedule:<br/>5:45-6:00-- NEW! Rtour for beginners<br/>6-6:45 -- Food and drinks, Intros &amp; Announcements<br/>6:45-7:20 -- Ashley's Pro tips talk<br/>7:20-7:40 -- Are You LinkedIn SAVYY? with Monique<br/>7:40-8:00 -- Recruiters Info session<br/>8:00-8:30-- Q&amp;A/Socializing/Networking/Hanging out</p> <p>Thank you to Uptake for providing our meeting space and food for this event!</p> <p>Important to Know:<br/>Q: Are men welcome to attend R-Ladies events?<br/>A: Yes, men are welcome at this event. Our mission is to encourage more women and non-binary individuals to get involved in the R community. Please help us by spreading the word about R-Ladies, and by being respectful of the fact that this event is primarily for women/non-binary/female-identifying individuals.</p> <p>We expect all attendees to abide &amp; be governed by our community code of conduct. Please take a moment to review our R-Ladies Global code of conduct (particularly if this is your first time attending!): <a href=""https://rladies.org/code-of-conduct/"" class=""linkified"">https://rladies.org/code-of-conduct/</a></p> ","https://www.meetup.com/rladies-chicago/events/254621401/","list(created = 1536777363000, duration = 10800000, id = ""254621401"", name = ""Pro tips: how to start/advance your data science career "", status = ""past"", time = 1538088300000, local_date = ""2018-09-27"", local_time = ""17:45"", updated = 1538103973000, utc_offset = -18000000, waitlist_count = 0, yes_rsvp_count = 60, venue = list(id = 25941501, name = ""Uptake"", lat = 41.8976402282715, lon = -87.6433944702148, repinned = TRUE, address_1 = ""600 W Chicago Ave 2nd floor"", city = ""Chicago"", country = ""us"", 
    localized_country_name = ""USA"", zip = ""60654"", state = ""il""), group = list(created = 1499286643000, name = ""R-Ladies Chicago"", id = 24848073, join_mode = ""open"", lat = 41.8800010681152, lon = -87.620002746582, urlname = ""rladies-chicago"", who = ""R-Ladies"", localized_location = ""Chicago, IL"", state = ""IL"", country = ""us"", region = ""en_US"", timezone = ""US/Central""), link = ""https://www.meetup.com/rladies-chicago/events/254621401/"", description = ""<p>We have teamed up with Metis and invited Ashley Purdy (Career Advisor) to talk about everything you need to know about Data science job search!</p> <p>Ashley will discuss some strategies for how to put your best foot forward in the data science job search covering topics ranging from networking, interviews, and salary negotiations.</p> <p>Following by Monique, who will give a short talk on develop a LinkedIn profile that stands out above the rest. Let’s tackle LinkedIn together and learn how to maximize your account.</p> <p>Several recruiters from different industry will also be present and introduce the openings at their companies!</p> <p>If you are in the job market or considering a career change, you don't want to miss out this event!</p> <p>About the speaker: Ashley is the Chicago Career Advisor for Metis, a data science educator, and has over six years of experience as an employment professional. She started her career as a technical recruiter before transitioning to career advising. Working in both a recruiting and an advising capacity has given her a strong understanding of the recruitment process and what employers seek in a quality candidate, specifically in the technical and data science industries. Ashley is passionate about helping job seekers and professionals identify the next steps forward in their careers that align with their overall professional goals.</p> <p>Schedule:<br/>5:45-6:00-- NEW! Rtour for beginners<br/>6-6:45 -- Food and drinks, Intros &amp; Announcements<br/>6:45-7:20 -- Ashley's Pro tips talk<br/>7:20-7:40 -- Are You LinkedIn SAVYY? with Monique<br/>7:40-8:00 -- Recruiters Info session<br/>8:00-8:30-- Q&amp;A/Socializing/Networking/Hanging out</p> <p>Thank you to Uptake for providing our meeting space and food for this event!</p> <p>Important to Know:<br/>Q: Are men welcome to attend R-Ladies events?<br/>A: Yes, men are welcome at this event. Our mission is to encourage more women and non-binary individuals to get involved in the R community. Please help us by spreading the word about R-Ladies, and by being respectful of the fact that this event is primarily for women/non-binary/female-identifying individuals.</p> <p>We expect all attendees to abide &amp; be governed by our community code of conduct. Please take a moment to review our R-Ladies Global code of conduct (particularly if this is your first time attending!): <a href=\""https://rladies.org/code-of-conduct/\"" class=\""linkified\"">https://rladies.org/code-of-conduct/</a></p> "", 
    visibility = ""public"", pro_is_email_shared = TRUE)"
"17","255245435","HacktobeRfest @ Haymarket","2018-10-03 16:28:39","past","2018-10-16 17:45:00","2018-10-16","17:45","0","52","23992975","Haymarket Pub & Brewery","41.8840675354004","-87.6471557617188","737 W. Randolph","Chicago","IL","","us","<p>Details:<br/>R-Ladies Chicago and Chicago R User Group (CRUG) teamed up this month to bring you a joint meetup worth toasting to: HacktobeRfest at Haymarket Brewery!</p> <p>Schedule:<br/>5:45-6:00-- NEW! Rtour for beginners; sign up here: <a href=""https://tinyurl.com/rladiestour"" class=""linkified"">https://tinyurl.com/rladiestour</a><br/>6-6:30 -- Food and drinks, Intros &amp; Announcements<br/>6:30-7:00 -- Speakers: Stephen Ziliak &amp; Eleanor Chodroff<br/>7:00-7:45 -- Beer Data Hack-a-thon<br/>7:45-8:00 -- Lightning Style Presentations by Small Groups [Optional]<br/>8:00-Until -- Q&amp;A/Socializing/Networking/Hanging out</p> <p>Speakers:<br/>Eleanor Chodroff, Postdoctoral researcher at Northwestern University, Department of Linguistics</p> <p>Eleanor’s research focuses on the representation of speech and language in the mind. She became a beer-enthusiast as an exchange student in the Czech Republic and an R-enthusiast as a graduate student at Johns Hopkins. She will talk about the development of a Shiny app featuring Chicagoland breweries</p> <p>Chicagoland Breweries app: <a href=""https://eleanorchodroff.com/apps/brews.html"" class=""linkified"">https://eleanorchodroff.com/apps/brews.html</a><br/>Code: <a href=""https://github.com/echodroff/chicago-breweries"" class=""linkified"">https://github.com/echodroff/chicago-breweries</a><br/>Personal Website: <a href=""https://www.eleanorchodroff.com/index.html"" class=""linkified"">https://www.eleanorchodroff.com/index.html</a></p> <p>Stephen Ziliak will introduce us to the contribution brewing has made to statistics with his latest paper ""How large are your G-values?"" forthcoming The American Statistician (Fall 2018).</p> <p>For more information on Stephen Ziliak: <a href=""https://www.meetup.com/Chicago-R-User-Group/events/255246038/"" class=""linkified"">https://www.meetup.com/Chicago-R-User-Group/events/255246038/</a></p> <p>Special thanks to Haymarket and IBM for sponsoring this event!</p> <p>Important to Know:<br/>Q: Are men welcome to attend R-Ladies events?<br/>A: Yes, men are welcome at this event, especially since we teaming up with Chicago R User Group! Our mission is to encourage more women and non-binary individuals to get involved in the R community. Please help us by spreading the word about R-Ladies, and by being respectful to our women/non-binary/female-identifying individuals at this event</p> <p>We expect all attendees to abide &amp; be governed by our community code of conduct. Please take a moment to review our R-Ladies Global code of conduct (particularly if this is your first time attending!): <a href=""https://rladies.org/code-of-conduct/"" class=""linkified"">https://rladies.org/code-of-conduct/</a></p> ","https://www.meetup.com/rladies-chicago/events/255245435/","list(created = 1538602119000, duration = 8100000, id = ""255245435"", name = ""HacktobeRfest @ Haymarket"", status = ""past"", time = 1539729900000, local_date = ""2018-10-16"", local_time = ""17:45"", updated = 1539742236000, utc_offset = -18000000, waitlist_count = 0, yes_rsvp_count = 52, venue = list(id = 23992975, name = ""Haymarket Pub & Brewery"", lat = 41.8840675354004, lon = -87.6471557617188, repinned = TRUE, address_1 = ""737 W. Randolph"", city = ""Chicago"", country = ""us"", localized_country_name = ""USA"", 
    zip = """", state = ""IL""), group = list(created = 1499286643000, name = ""R-Ladies Chicago"", id = 24848073, join_mode = ""open"", lat = 41.8800010681152, lon = -87.620002746582, urlname = ""rladies-chicago"", who = ""R-Ladies"", localized_location = ""Chicago, IL"", state = ""IL"", country = ""us"", region = ""en_US"", timezone = ""US/Central""), link = ""https://www.meetup.com/rladies-chicago/events/255245435/"", description = ""<p>Details:<br/>R-Ladies Chicago and Chicago R User Group (CRUG) teamed up this month to bring you a joint meetup worth toasting to: HacktobeRfest at Haymarket Brewery!</p> <p>Schedule:<br/>5:45-6:00-- NEW! Rtour for beginners; sign up here: <a href=\""https://tinyurl.com/rladiestour\"" class=\""linkified\"">https://tinyurl.com/rladiestour</a><br/>6-6:30 -- Food and drinks, Intros &amp; Announcements<br/>6:30-7:00 -- Speakers: Stephen Ziliak &amp; Eleanor Chodroff<br/>7:00-7:45 -- Beer Data Hack-a-thon<br/>7:45-8:00 -- Lightning Style Presentations by Small Groups [Optional]<br/>8:00-Until -- Q&amp;A/Socializing/Networking/Hanging out</p> <p>Speakers:<br/>Eleanor Chodroff, Postdoctoral researcher at Northwestern University, Department of Linguistics</p> <p>Eleanor’s research focuses on the representation of speech and language in the mind. She became a beer-enthusiast as an exchange student in the Czech Republic and an R-enthusiast as a graduate student at Johns Hopkins. She will talk about the development of a Shiny app featuring Chicagoland breweries</p> <p>Chicagoland Breweries app: <a href=\""https://eleanorchodroff.com/apps/brews.html\"" class=\""linkified\"">https://eleanorchodroff.com/apps/brews.html</a><br/>Code: <a href=\""https://github.com/echodroff/chicago-breweries\"" class=\""linkified\"">https://github.com/echodroff/chicago-breweries</a><br/>Personal Website: <a href=\""https://www.eleanorchodroff.com/index.html\"" class=\""linkified\"">https://www.eleanorchodroff.com/index.html</a></p> <p>Stephen Ziliak will introduce us to the contribution brewing has made to statistics with his latest paper \""How large are your G-values?\"" forthcoming The American Statistician (Fall 2018).</p> <p>For more information on Stephen Ziliak: <a href=\""https://www.meetup.com/Chicago-R-User-Group/events/255246038/\"" class=\""linkified\"">https://www.meetup.com/Chicago-R-User-Group/events/255246038/</a></p> <p>Special thanks to Haymarket and IBM for sponsoring this event!</p> <p>Important to Know:<br/>Q: Are men welcome to attend R-Ladies events?<br/>A: Yes, men are welcome at this event, especially since we teaming up with Chicago R User Group! Our mission is to encourage more women and non-binary individuals to get involved in the R community. Please help us by spreading the word about R-Ladies, and by being respectful to our women/non-binary/female-identifying individuals at this event</p> <p>We expect all attendees to abide &amp; be governed by our community code of conduct. Please take a moment to review our R-Ladies Global code of conduct (particularly if this is your first time attending!): <a href=\""https://rladies.org/code-of-conduct/\"" class=\""linkified\"">https://rladies.org/code-of-conduct/</a></p> "", 
    how_to_find_us = ""We will be in the back room past where servers pick up food and the bathrooms."", visibility = ""public"", pro_is_email_shared = TRUE)"
"18","255727048","'Git' down with Git + R (Workshop & Tutorial)","2018-10-21 17:12:39","past","2018-11-13 18:00:00","2018-11-13","18:00","0","85","10805652","Loyola University Water Tower Campus(Chicago/Michigan Area)","41.8975257873535","-87.6254196166992","111 E. Pearson Street, Chicago IL 60611","Chicago","IL","60611","us","<p>Learn about using Git &amp; R at our November Meetup! R-Ladies Board Member Ola Giwa will lead a tutorial and workshop to get you up and running with Github and using Git in your workflow. This session will discuss:</p> <p>• Version control and why it is important<br/>• Fundamental git commands<br/>• Using Github for collaboration!</p> <p>This event is extremely beginner-friendly! We encourage anyone, regardless of R &amp; Git/Github proficiency, to join us!</p> <p>Schedule:<br/>5:45-6 -- NEW! R tour for beginners; sign up here: <a href=""https://tinyurl.com/rladiestour"" class=""linkified"">https://tinyurl.com/rladiestour</a><br/>6-6:30 -- Food and drinks, Intros &amp; Announcements<br/>6:30-7:30 -- Git + R Workshop with Ola<br/>7:30-8:00-- Q&amp;A/Socializing/Networking/Hanging out</p> <p>Thank you to Loyola University Water Tower Campus - School of Social Work for hosting our event and to Microsoft Developer Advocates (<a href=""https://developer.microsoft.com/en-us/advocates/index.html"" class=""linkified"">https://developer.microsoft.com/en-us/advocates/index.html</a>) and David Smith for sponsoring food for this event!</p> <p>Important to Know:<br/>Q: What should I bring?<br/>A: Bring your laptop if you can! Wifi is available and live-tweeting is encouraged.</p> <p>Q: Are men welcome to attend R-Ladies events?<br/>A: Yes, men are welcome at this event. Our mission is to encourage more women and non-binary individuals to get involved in the R community. Please help us by spreading the word about R-Ladies, and by being respectful to our women/non-binary/female-identifying individuals at this event</p> <p>We expect all attendees to abide &amp; be governed by our community code of conduct. Please take a moment to review our R-Ladies Global code of conduct (particularly if this is your first time attending!): <a href=""https://rladies.org/code-of-conduct/"" class=""linkified"">https://rladies.org/code-of-conduct/</a></p> ","https://www.meetup.com/rladies-chicago/events/255727048/","list(created = 1540159959000, duration = 7200000, id = ""255727048"", name = ""'Git' down with Git + R (Workshop & Tutorial)"", status = ""past"", time = 1542153600000, local_date = ""2018-11-13"", local_time = ""18:00"", updated = 1542163901000, utc_offset = -21600000, waitlist_count = 0, yes_rsvp_count = 85, venue = list(id = 10805652, name = ""Loyola University Water Tower Campus(Chicago/Michigan Area)"", lat = 41.8975257873535, lon = -87.6254196166992, repinned = TRUE, address_1 = ""111 E. Pearson Street, Chicago IL 60611"", 
    city = ""Chicago"", country = ""us"", localized_country_name = ""USA"", zip = ""60611"", state = ""IL""), group = list(created = 1499286643000, name = ""R-Ladies Chicago"", id = 24848073, join_mode = ""open"", lat = 41.8800010681152, lon = -87.620002746582, urlname = ""rladies-chicago"", who = ""R-Ladies"", localized_location = ""Chicago, IL"", state = ""IL"", country = ""us"", region = ""en_US"", timezone = ""US/Central""), link = ""https://www.meetup.com/rladies-chicago/events/255727048/"", description = ""<p>Learn about using Git &amp; R at our November Meetup! R-Ladies Board Member Ola Giwa will lead a tutorial and workshop to get you up and running with Github and using Git in your workflow. This session will discuss:</p> <p>• Version control and why it is important<br/>• Fundamental git commands<br/>• Using Github for collaboration!</p> <p>This event is extremely beginner-friendly! We encourage anyone, regardless of R &amp; Git/Github proficiency, to join us!</p> <p>Schedule:<br/>5:45-6 -- NEW! R tour for beginners; sign up here: <a href=\""https://tinyurl.com/rladiestour\"" class=\""linkified\"">https://tinyurl.com/rladiestour</a><br/>6-6:30 -- Food and drinks, Intros &amp; Announcements<br/>6:30-7:30 -- Git + R Workshop with Ola<br/>7:30-8:00-- Q&amp;A/Socializing/Networking/Hanging out</p> <p>Thank you to Loyola University Water Tower Campus - School of Social Work for hosting our event and to Microsoft Developer Advocates (<a href=\""https://developer.microsoft.com/en-us/advocates/index.html\"" class=\""linkified\"">https://developer.microsoft.com/en-us/advocates/index.html</a>) and David Smith for sponsoring food for this event!</p> <p>Important to Know:<br/>Q: What should I bring?<br/>A: Bring your laptop if you can! Wifi is available and live-tweeting is encouraged.</p> <p>Q: Are men welcome to attend R-Ladies events?<br/>A: Yes, men are welcome at this event. Our mission is to encourage more women and non-binary individuals to get involved in the R community. Please help us by spreading the word about R-Ladies, and by being respectful to our women/non-binary/female-identifying individuals at this event</p> <p>We expect all attendees to abide &amp; be governed by our community code of conduct. Please take a moment to review our R-Ladies Global code of conduct (particularly if this is your first time attending!): <a href=\""https://rladies.org/code-of-conduct/\"" class=\""linkified\"">https://rladies.org/code-of-conduct/</a></p> "", 
    how_to_find_us = ""Regents Hall on the 16th Floor"", visibility = ""public"", pro_is_email_shared = TRUE)"
